phrase,count
if_you,13429
would_be,3973
as_well,2997
have_been,2808
looking_for,2534
more_than,2389
has_been,2167
at_least,2083
so_much,2006
should_be,1858
if_you_want,1770
my_favorite,1677
much_better,1569
better_than,1569
would_recommend,1518
do_know,1462
highly_recommend,1423
my_son,1394
too_much,1385
first_time,1196
so_far,1185
even_though,1171
an_excellent,1159
my_daughter,1139
may_be,1112
such_as,1087
based_on,1085
year_old,1059
lots_of,1055
those_who,1040
look_at,1039
people_who,1039
your_money,1005
do_waste,967
less_than,941
along_with,930
very_disappointed,911
other_than,908
after_reading,891
my_husband,857
years_ago,854
long_time,850
anyone_who,840
rather_than,828
much_more,827
interested_in,819
would_have_been,808
be_able,806
in_my_opinion,767
might_be,758
have_seen,743
only_thing,730
made_me,727
no_longer,718
know_what,712
agree_with,707
came_out,704
looks_like,685
at_times,666
from_amazon,665
every_time,661
had_been,660
could_have_been,644
other_books,639
way_too,637
unless_you,627
well_written,625
save_your_money,623
works_great,620
pretty_good,615
feel_like,611
pick_up,606
too_many,604
their_own,603
my_own,602
his_own,591
other_reviews,591
sound_quality,590
by_far,578
sounds_like,568
well_worth,568
too_bad,566
written_by,563
ever_read,562
ca_wait,562
my_wife,556
ever_seen,552
someone_who,552
customer_service,546
away_from,544
make_sure,539
no_matter,537
highly_recommended,535
come_out,534
exactly_what,522
story_line,518
each_other,516
as_far,514
happy_with,509
thank_you,509
same_time,506
your_own,503
one_star,502
let_me,496
filled_with,491
really_enjoyed,487
only_reason,485
see_how,483
other_reviewers,476
tell_you,474
many_times,471
pretty_much,465
over_again,462
little_bit,451
main_character,449
check_out,444
told_me,443
was_expecting,442
high_school,432
an_interesting,431
very_happy,428
several_times,426
set_up,424
these_guys,423
an_old,422
must_read,422
should_have_been,418
deal_with,414
end_up,411
ca_believe,408
as_soon,399
years_old,399
an_amazing,398
waiting_for,397
ended_up,397
my_computer,395
go_back,393
know_how,392
picked_up,384
what_happened,382
works_well,381
put_together,375
great_job,375
gave_me,371
buy_another,370
talking_about,366
many_years,359
felt_like,358
found_myself,358
stopped_working,357
special_effects,357
my_hair,356
many_people,356
no_problems,354
at_home,352
no_idea,352
looking_at,344
well_done,340
big_fan,339
turned_out,338
dvd_player,338
impressed_with,337
ever_heard,336
something_else,336
must_say,330
good_job,326
just_plain,324
once_again,324
next_time,323
way_through,320
has_done,318
will_probably,317
very_pleased,317
brand_new,315
every_day,314
never_heard,310
every_song,310
very_disappointing,309
writing_style,309
few_months,306
whole_thing,305
each_time,303
same_thing,300
an_hour,299
few_days,298
few_times,298
too_long,297
great_deal,295
about_minutes,295
poor_quality,295
look_forward,294
she_loves,293
wo_be,293
without_any,292
really_liked,290
anything_else,290
right_now,289
took_me,285
her_own,283
very_helpful,279
ever_made,277
its_own,277
comes_out,277
care_about,276
too_small,275
he_loves,274
last_year,273
at_night,273
can_tell,273
graphics_are,272
stay_away_from,271
pleased_with,269
insight_into,268
few_years,267
about_months,267
sure_if,265
two_stars,264
does_seem,263
please_do,263
someone_else,263
two_weeks,260
high_quality,258
go_through,257
familiar_with,256
character_development,255
these_days,254
poorly_written,253
more_expensive,251
understand_why,251
do_bother,250
star_wars,250
very_difficult,248
so_glad,248
an_awesome,248
left_me,248
have_gotten,247
five_stars,247
always_been,246
definitely_recommend,245
works_fine,245
do_yourself,245
talk_about,245
huge_fan,244
figure_out,244
waste_your_money,243
my_mom,242
looked_like,241
never_been,241
turns_out,240
person_who,238
right_away,238
her_voice,237
my_eyes,236
look_elsewhere,232
man_who,231
your_child,231
been_using,230
as_advertised,229
being_able,229
reminds_me_of,228
my_mother,228
never_seen,227
would_suggest,227
am_sure,226
in_china,226
coming_out,222
tech_support,221
wonder_if,221
gave_up,220
am_glad,220
same_problem,219
looks_great,219
worse_than,218
cd_player,218
trust_me,218
next_day,217
no_doubt,217
sent_me,215
helped_me,215
main_characters,214
so_excited,213
be_careful,213
thinking_about,212
over_years,212
some_reason,211
absolutely_no,210
tons_of,210
most_part,210
anyone_else,210
feels_like,210
put_down,209
other_hand,208
science_fiction,207
every_single,207
good_luck,207
let_down,206
of_my_favorites,206
ca_say,206
looked_at,206
looking_for_something,204
month_old,203
subject_matter,203
bottom_line,202
for_my_husband,202
has_become,201
nothing_more_than,201
my_opinion,201
very_quickly,200
picture_quality,199
looking_forward,199
everyone_else,199
searching_for,197
my_only_complaint,196
worked_fine,196
absolutely_love,195
an_older,194
tell_me,194
real_life,193
been_able,193
wasted_my,192
through_amazon,192
dealing_with,192
ever_since,191
almost_every,191
after_seeing,190
oh_well,189
longer_than,189
few_minutes,188
nothing_else,188
kept_me,187
few_weeks,187
understand_how,187
stars_because,187
focus_on,185
my_sister,185
two_days,185
my_hands,185
before_buying,185
complete_waste,185
too_hard,185
two_years,184
his_voice,184
will_continue,184
anyone_interested,183
definitely_worth,183
or_at_least,182
an_extra,182
hold_up,181
have_owned,181
very_useful,181
for_beginners,180
as_usual,180
do_care,180
total_waste,180
just_finished,180
long_enough,179
everything_else,179
unless_you_are,179
going_through,179
another_reviewer,178
three_times,178
what_happens,177
coffee_maker,177
web_site,177
too_big,176
battery_life,176
an_adult,175
two_months,175
as_described,174
year_ago,173
coming_from,173
be_honest,173
went_through,173
best_part,173
am_very_disappointed,173
much_less,172
my_laptop,172
months_ago,171
did_care,171
their_lives,170
any_kind,170
good_condition,170
dont_know,169
hip_hop,168
many_others,168
some_sort,167
your_head,167
buyer_beware,167
must_have_been,167
worry_about,166
positive_reviews,166
all_ages,166
christmas_gift,165
most_important,165
being_said,165
greatest_hits,165
worth_buying,164
aside_from,164
after_months,164
who_wants,163
already_know,163
his_wife,163
very_comfortable,162
yet_another,162
went_back,161
worked_well,161
these_headphones,161
save_yourself,160
too_short,160
several_years,160
worth_reading,160
make_sense,159
my_skin,158
growing_up,158
waste_your,158
your_mind,156
short_stories,156
box_set,155
learn_how,155
smaller_than,155
woman_who,154
after_watching,153
come_across,152
send_me,152
satisfied_with,152
very_enjoyable,152
on_sale,151
my_ears,151
for_instance,151
stainless_steel,150
four_stars,150
much_easier,150
without_having,150
find_myself,149
reads_like,149
little_girl,149
no_sense,149
no_reason,148
am_very_happy,147
guy_who,146
wake_up,145
our_own,145
an_absolute,145
good_deal,145
star_rating,144
stand_up,144
product_description,144
was_thrilled,143
for_my_wife,143
even_worse,143
few_pages,143
anyone_who_wants,143
negative_reviews,142
big_deal,142
an_incredible,142
year_old_daughter,141
thoroughly_enjoyed,141
strongly_recommend,141
after_hearing,141
years_later,141
attempt_at,141
your_heart,141
ca_imagine,140
started_reading,140
r_b,140
finally_got,140
harry_potter,140
who_knows,140
forget_about,139
without_being,138
common_sense,138
gon_na,138
year_old_son,137
was_looking_forward,137
extremely_disappointed,137
could_wait,136
started_using,136
last_years,135
clean_up,135
has_changed,135
united_states,135
ca_go_wrong,134
most_likely,134
rip_off,134
my_dad,134
few_years_ago,134
came_across,133
find_yourself,133
star_trek,133
light_weight,133
an_issue,133
big_disappointment,132
ends_up,132
deals_with,132
which_means,131
your_hands,130
if_u,130
each_chapter,130
last_week,130
dont_buy,129
hard_drive,129
excited_about,129
ca_help,129
am_very_pleased,129
great_value,129
all_kinds,129
quick_read,129
go_ahead,129
very_sturdy,129
come_close,128
went_into,128
sounded_like,128
christmas_present,128
whole_lot,128
broke_off,128
wait_until,128
as_opposed,128
your_computer,127
thank_god,127
last_night,127
an_example,127
even_close,126
my_grandson,126
an_american,126
friend_who,126
low_price,125
figure_out_how,125
comes_off,125
new_york,125
may_have_been,125
no_wonder,124
first_chapter,124
go_wrong,124
let_alone,124
her_husband,124
six_months,123
few_hours,123
windows_xp,123
compatible_with,123
wo_be_disappointed,123
free_shipping,122
be_aware,122
cheap_plastic,122
our_daughter,122
credit_card,122
far_too,121
only_complaint,121
thank_you_for,121
difference_between,121
his_father,121
very_durable,120
talks_about,120
another_brand,120
half_way_through,120
reason_why,119
turn_off,119
poorly_made,119
fell_apart,119
worth_watching,119
old_school,118
am_returning,118
civil_war,118
useful_information,117
shows_how,117
stay_away,117
after_listening,117
reviews_here,116
before_purchasing,116
tv_show,115
should_be_ashamed,115
must_admit,115
be_returning,115
anyone_who_likes,115
cell_phone,115
can_relate,114
has_helped,114
save_your,114
title_track,114
her_mother,114
real_world,114
might_have_been,114
very_informative,114
had_hoped,113
no_complaints,113
advertised_as,113
has_gone,113
our_son,113
cheaply_made,113
never_worked,113
an_important,113
my_boyfriend,113
previous_reviewer,113
completely_different,113
recently_purchased,113
zero_stars,112
bigger_than,112
ca_recommend,112
very_satisfied,112
almost_impossible,112
best_friend,112
low_budget,112
picks_up,112
heavy_duty,111
several_months,111
each_song,111
broke_after,111
months_old,111
might_want,111
my_expectations,111
an_artist,111
big_mistake,111
ripped_off,110
to_be_desired,110
or_whatever,110
faster_than,110
held_up,110
very_excited,110
both_sides,110
ever_written,110
who_loves,110
starts_out,110
any_problems,109
other_reviewer,109
your_hair,109
figured_out,109
picking_up,109
his_birthday,108
exact_same,108
absolutely_nothing,108
very_frustrating,108
too_late,108
goes_into,108
blu_ray,108
what_else,108
stephen_king,108
our_family,107
your_face,107
wonder_why,107
he_wrote,107
video_quality,107
far_better,106
ever_owned,106
cheaper_than,106
enjoyed_reading,106
he_wants,106
extra_money,106
by_saying,106
their_products,106
fall_off,106
special_features,105
impressed_by,105
an_enjoyable,105
friends_who,105
apart_from,104
comment_on,104
fell_off,104
reminded_me_of,104
did_realize,104
worth_every_penny,103
thank_goodness,103
my_favorites,103
bad_reviews,103
starts_off,103
combined_with,103
point_where,102
know_why,102
associated_with,102
my_girlfriend,102
new_ones,102
an_outstanding,102
ca_tell,102
everyone_should,102
customer_support,101
top_notch,101
ca_beat,101
sure_why,101
be_warned,100
quality_control,100
takes_place,100
your_eyes,100
gives_us,100
every_page,100
poorly_designed,99
especially_since,99
very_thin,99
great_condition,99
absolutely_loved,99
well_known,99
bad_guys,98
young_children,98
these_shoes,98
be_prepared,97
focuses_on,97
different_brand,97
my_desk,97
two_hours,97
unless_you_want,97
ice_cream,97
many_years_ago,97
grew_up,97
living_room,97
our_lives,96
recommend_buying,96
month_ago,96
tv_series,96
whole_family,96
larger_than,96
second_half,96
am_sorry,96
de_la,96
very_dissapointed,96
excellent_condition,96
messed_up,96
works_perfectly,95
got_ta,95
at_all_costs,95
figure_out_what,95
suitable_for,94
big_enough,94
turned_off,94
in_spite,94
an_avid,94
martial_arts,94
three_years,93
kindle_version,93
gone_through,93
who_cares,93
five_minutes,93
strong_enough,93
wo_regret,93
year_olds,93
digital_camera,93
other_brands,93
wonder_how,93
fast_paced,93
story_lines,92
quit_working,92
perfect_size,92
our_house,92
timely_manner,92
sit_through,92
ca_stand,92
disagree_with,92
no_exception,92
knows_how,92
no_response,91
take_care,91
focused_on,91
memory_card,91
comes_across,90
die_hard,90
classical_music,90
ca_stop,90
still_waiting,90
ask_me,90
really_looking_forward,89
their_website,89
three_months,89
surprised_by,89
halfway_through,89
my_favourite,89
spend_your_money,89
local_store,89
far_away,89
girl_who,88
past_years,88
reasonable_price,88
less_expensive,88
turned_into,88
beautifully_written,88
grow_up,88
shut_off,88
sex_scenes,88
hot_water,87
job_done,87
far_superior,87
pointed_out,87
in_new_york,87
looks_nice,87
think_twice,87
car_seat,87
has_created,87
only_drawback,87
many_ways,87
pay_attention,87
would_recomend,87
country_music,87
directly_from,87
within_minutes,86
five_star,86
responsible_for,86
fall_out,86
right_size,86
dealt_with,86
somewhere_else,86
produced_by,86
an_option,85
to_get_rid,85
concerned_about,85
ten_years,85
your_body,85
telling_me,85
caught_up,85
time_period,84
as_gifts,84
heavy_metal,84
could_possibly,84
pink_floyd,84
background_music,84
oh_yeah,84
new_age,84
title_says,84
etc_etc,83
whole_series,83
star_because,83
worst_movies,83
simply_put,83
few_seconds,83
her_birthday,83
last_longer,83
lead_singer,83
five_years,83
rely_on,83
these_speakers,83
hard_rock,82
i_was_pleasantly,82
high_expectations,82
followed_by,82
original_version,82
user_friendly,82
much_cheaper,82
more_advanced,81
had_high_hopes,81
wanting_more,81
thought_provoking,81
wonder_what,81
has_gotten,81
family_members,81
even_bother,81
he_writes,80
different_types,80
hands_down,80
young_man,80
any_sense,80
sit_down,80
asked_me,80
well_researched,80
women_who,80
full_refund,80
stop_reading,80
dvd_players,79
loaded_with,79
big_screen,79
nothing_special,79
as_promised,79
huge_disappointment,79
her_father,79
kept_waiting,79
my_daughters,79
local_library,79
cut_off,79
identify_with,78
can_hardly,78
few_months_ago,78
about_an_hour,78
looked_forward,78
too_high,78
probably_wo,78
wondering_what,78
hooked_up,78
shortly_after,78
an_insult,78
totally_different,78
low_quality,78
horror_movie,78
an_attempt,78
technical_support,78
an_email,77
young_woman,77
stopped_working_after,77
young_girl,77
already_been,77
every_night,77
jane_austen,77
nice_looking,77
on_ebay,77
pretty_cool,77
yr_old,76
his_career,76
worn_out,76
three_weeks,76
bad_acting,76
let_me_tell,76
go_away,76
plot_twists,75
months_later,75
your_ears,75
perfect_condition,75
an_error,75
every_year,75
my_granddaughter,75
under_warranty,75
your_attention,75
too_fast,75
multiple_times,75
ran_out,75
ca_seem,75
return_policy,75
step_by_step,75
pop_music,74
laugh_out_loud,74
relationship_between,74
do_be_fooled,74
drawn_out,74
world_war,74
modern_day,74
lasted_about,74
anyone_who_loves,74
finally_found,74
buy_something_else,73
an_introduction,73
seller_again,73
several_years_ago,73
wonderful_job,73
no_luck,73
our_children,73
she_writes,72
goes_through,72
each_page,72
does_matter,72
finished_reading,72
an_expert,72
false_advertising,72
stands_out,72
complain_about,72
required_reading,72
little_boy,72
soap_opera,72
he_thinks,72
allow_me,72
nothing_wrong,72
liner_notes,71
entire_series,71
dont_think,71
worked_perfectly,71
an_average,71
anybody_who,71
most_recent,71
worst_part,70
nowhere_near,70
to_no_avail,70
well_developed,70
get_rid,70
two_albums,70
my_niece,70
work_properly,70
was_delighted,70
could_barely,70
fall_apart,70
should_be_able,70
arrived_quickly,70
days_later,69
too_heavy,69
weeks_ago,69
am_looking_forward,69
sorely_disappointed,69
wan_na,69
resulting_in,69
don_t,69
last_page,69
wondering_if,69
worried_about,69
large_enough,68
four_times,68
sing_along,68
within_days,68
fall_asleep,68
reasonably_priced,68
ever_played,68
she_wants,68
three_days,68
main_reason,68
consider_myself,68
coffee_table,68
digital_copy,68
par_with,68
straight_forward,68
who_wrote,68
kept_reading,67
blown_away,67
he_knows,67
thus_far,67
rave_reviews,67
would_advise,67
never_knew,67
green_day,67
two_years_ago,67
an_additional,67
ten_minutes,67
be_considered,66
litter_box,66
middle_school,66
my_grandchildren,66
may_seem,66
world_war_ii,66
force_myself,66
historical_fiction,66
focusing_on,66
too_expensive,66
well_designed,66
your_seat,66
smells_like,66
small_size,66
heat_up,65
next_year,65
not_necessarily,65
only_downside,65
all_sorts,65
guitar_playing,65
lost_interest,65
power_supply,65
star_reviews,65
happen_next,65
worth_listening,65
open_mind,65
move_around,65
obsessed_with,64
knows_what,64
several_weeks,64
glowing_reviews,64
stars_instead,64
personal_favorite,64
very_unhappy,64
fairy_tale,64
almost_immediately,64
small_town,64
burned_out,64
some_cases,64
ca_remember,64
brought_back,63
grew_up_in,63
let_go,63
keep_looking,63
realize_how,63
his_brother,63
well_organized,63
their_customer_service,63
an_incredibly,63
anywhere_else,63
get_bored,63
makes_sense,63
cover_art,63
jesus_christ,63
fits_perfectly,63
more_recent,63
insights_into,63
better_luck,63
romance_novel,62
any_sort,62
my_nephew,62
home_theater,62
pretty_sure,62
very_misleading,62
hook_up,62
recently_bought,62
only_lasted,62
few_dollars,62
real_deal,62
design_flaw,62
starting_point,62
long_ago,62
already_own,62
old_fashioned,62
study_guide,62
loud_enough,62
video_games,61
about_seconds,61
amazed_at,61
american_history,61
aimed_at,61
save_money,61
your_skin,61
build_up,61
remind_me,61
real_estate,61
long_term,61
death_metal,61
falling_off,61
usb_port,61
your_feet,61
your_local,61
plot_line,61
honestly_say,61
saved_me,61
wo_be_able,61
human_being,61
will_likely,61
native_american,61
holds_up,61
at_walmart,60
absolutely_loves,60
depends_on,60
am_currently,60
even_remotely,60
no_further,60
coming_back,60
an_alternative,60
throw_away,60
special_edition,60
readers_who,60
different_ways,60
benefit_from,60
first_few_chapters,60
very_careful,59
wont_be,59
dealing_with_the,59
an_inch,59
ended_up_buying,59
your_ear,59
would_reccomend,59
bring_back,59
left_behind,59
very_upset,59
god_bless,59
more_mature,59
wide_range,59
talked_about,58
mainly_because,58
less_than_minutes,58
poor_design,58
well_built,58
higher_than,58
final_fantasy,58
sit_back,58
finally_gave,58
scene_where,58
several_different,58
my_fingers,58
previous_reviews,58
your_typical,58
could_relate,58
very_cheaply,58
suffers_from,58
long_time_ago,58
couple_months,58
days_ago,58
our_local,57
britney_spears,57
after_spending,57
my_sons,57
previous_albums,57
lower_than,57
for_dummies,57
sat_down,57
walk_away,57
has_proven,57
after_receiving,57
these_sheets,57
should_stick,57
but_alas,56
james_bond,56
steer_clear,56
would_have_preferred,56
anywhere_near,56
a_page_turner,56
he_finds,56
action_scenes,56
get_tired,56
tell_us,56
bad_guy,56
previous_books,56
you_got_ta,56
nearly_impossible,56
near_future,56
very_readable,56
linkin_park,56
second_season,56
falls_off,56
directed_by,56
the_new_york,55
action_packed,55
having_trouble,55
falling_apart,55
been_waiting,55
upside_down,55
anyone_who_enjoys,55
very_disapointed,55
an_improvement,55
feet_away,55
debut_album,55
shut_down,55
completely_useless,55
same_thing_happened,54
power_cord,54
every_minute,54
fresh_air,54
every_track,54
previous_review,54
well_constructed,54
last_summer,54
old_son,54
higher_quality,54
she_finds,54
warm_up,54
horror_movies,54
curious_about,54
takes_forever,54
an_idiot,54
your_pocket,54
human_beings,54
high_hopes,54
year_warranty,54
thumbs_up,54
suffer_from,54
could_hardly,54
las_vegas,54
audio_quality,54
based_upon,54
checked_out,54
front_cover,53
hard_core,53
few_days_ago,53
price_tag,53
bother_me,53
attempts_at,53
numerous_times,53
volume_control,53
gave_us,53
every_chapter,53
had_gotten,53
wore_out,52
very_attractive,52
no_clue,52
am_an_avid,52
complaining_about,52
fell_asleep,52
an_inexpensive,52
inspired_by,52
lots_of_fun,52
year_later,52
fisher_price,52
having_problems,52
production_values,52
grew_up_with,52
removed_from,52
very_uncomfortable,52
fall_into,52
let_face,52
these_gloves,52
fit_perfectly,52
wound_up,52
fast_shipping,52
puts_out,52
holding_up,51
few_weeks_ago,51
los_angeles,51
few_bucks,51
same_results,51
every_word,51
dont_waste,51
any_further,51
unfamiliar_with,51
ink_cartridges,51
brand_name,51
lucky_enough,51
crystal_clear,51
my_yr,51
last_month,51
watered_down,51
several_hours,51
did_bother,51
great_resource,51
taught_me,51
regular_basis,51
come_alive,51
limp_bizkit,51
emphasis_on,51
died_after,51
unless_your,51
wondering_why,50
every_aspect,50
birthday_gift,50
hardly_any,50
complained_about,50
couple_weeks,50
sound_effects,50
each_character,50
does_contain,50
feel_sorry,50
few_chapters,50
four_years,50
return_shipping,50
dont_waste_your_money,50
case_studies,50
already_knew,50
everyday_life,50
created_by,50
sung_by,50
stopped_reading,49
remote_control,49
perfect_fit,49
more_realistic,49
turns_into,49
extended_version,49
negative_stars,49
his_usual,49
rock_band,49
real_disappointment,49
an_instant,49
caused_by,49
write_reviews,49
she_sings,49
inspired_me,49
also_includes,49
reviewer_who,49
care_less,49
out_loud,49
heart_rate,49
bogged_down,49
happy_ending,49
her_career,49
much_longer,49
half_hour,49
amazed_at_how,49
many_levels,49
her_sister,49
big_hit,49
too_tight,49
daily_basis,49
baby_shower,49
can_opener,49
my_bedroom,49
threw_away,49
more_durable,49
plus_side,49
pearl_jam,49
nothing_happens,49
other_artists,49
especially_liked,48
band_members,48
depending_on,48
am_very_satisfied,48
am_amazed,48
rolling_stones,48
picture_shows,48
kindle_edition,48
carry_around,48
every_week,48
ca_figure,48
sturdy_enough,48
anyone_wanting,48
major_disappointment,48
ca_sing,48
plugged_into,48
brings_back,48
phone_calls,47
our_society,47
few_uses,47
couple_times,47
fast_forward,47
vacuum_cleaner,47
phone_number,47
absolutely_amazing,47
by_accident,47
sd_card,47
wo_be_buying,47
daily_use,47
nearly_every,47
blah_blah_blah,47
who_likes,47
shut_up,47
pleasantly_surprised,47
an_odd,47
he_sings,47
big_fat,47
intrigued_by,47
better_understanding,47
highly_reccomend,47
new_testament,47
tv_shows,47
only_negative,47
in_conjunction,47
surround_sound,47
led_zeppelin,47
no_apparent,47
kept_thinking,47
wide_variety,47
run_around,47
laid_out,47
more_reliable,47
english_language,47
nora_roberts,46
tells_us,46
highly_recomend,46
price_range,46
road_trip,46
please_please,46
last_chapter,46
wearing_them,46
two_thumbs,46
only_redeeming,46
our_country,46
old_daughter,46
showed_up,46
half_an_hour,46
fight_scenes,46
saving_grace,46
age_group,46
my_suggestion,45
slow_moving,45
walked_out,45
blood_pressure,45
beautiful_voice,45
being_sold,45
minutes_long,45
week_ago,45
virtually_no,45
totally_useless,45
grocery_store,45
absolutely_horrible,45
peanut_butter,45
shocked_at,45
stand_behind,45
good_news,45
could_be_happier,45
small_amount,45
finally_decided,45
coming_off,45
boxed_set,45
hung_up,45
et_al,45
allowed_me,45
wind_up,45
falls_short,45
journey_through,45
performed_by,45
b_d,45
reviewers_who,45
take_advantage,44
print_quality,44
an_overview,44
running_around,44
home_depot,44
family_member,44
these_bottles,44
an_honest,44
belt_clip,44
broke_down,44
black_sabbath,44
star_review,44
weight_loss,44
quite_possibly,44
george_lucas,44
an_interview,44
timely_fashion,44
punk_rock,44
highly_suggest,44
second_hand,44
least_favorite,44
me_laugh,44
american_idol,44
well_acted,44
lead_character,44
video_store,44
figure_out_why,44
operating_system,44
doctor_who,44
more_complex,44
falls_apart,44
please_let,44
resulted_in,44
and_thought_provoking,43
biggest_problem,43
music_industry,43
video_card,43
dollar_store,43
dance_music,43
slow_down,43
four_months,43
shuts_off,43
better_served,43
coupled_with,43
absolutely_terrible,43
toaster_oven,43
well_packaged,43
an_exceptional,43
elementary_school,43
twenty_years,43
olive_oil,43
told_us,43
my_humble,43
main_problem,43
hair_dryer,43
de_los,43
called_customer_service,43
an_editor,43
an_individual,43
blue_ray,43
shorter_than,43
an_update,42
reminds_me,42
these_types,42
these_units,42
within_months,42
practical_advice,42
record_company,42
kidding_me,42
vhs_tape,42
pull_off,42
each_episode,42
loose_ends,42
african_american,42
told_him,42
stand_alone,42
on_pbs,42
grown_up,42
very_convenient,42
build_quality,42
went_ahead,42
ended_up_having,42
romantic_comedy,42
break_down,42
james_patterson,42
unhappy_with,42
wo_stay,42
folks_who,42
thanks_amazon,42
end_result,42
customer_reviews,41
same_mistake,41
murder_mystery,41
straight_through,41
for_starters,41
i_got_ta,41
kept_getting,41
over_priced,41
week_later,41
bad_news,41
story_telling,41
daily_life,41
family_guy,41
anne_rice,41
left_side,41
on_youtube,41
guitar_riffs,41
radio_station,41
an_article,41
after_awhile,41
older_kids,41
cant_believe,41
answering_machine,41
while_driving,41
poorly_done,41
several_days,41
other_sources,41
your_fingers,41
extremely_difficult,41
long_run,41
these_boots,41
dark_side,41
full_length,41
checking_out,41
badly_written,41
spent_hours,41
backstreet_boys,41
tom_clancy,41
too_loud,41
explains_how,41
an_unusual,41
serial_killer,41
quite_frankly,41
two_sets,40
instruction_manual,40
item_arrived,40
an_extended,40
simply_amazing,40
your_mouth,40
young_adult,40
politically_correct,40
too_complicated,40
arrived_promptly,40
previous_reviewers,40
deleted_scenes,40
defective_product,40
about_inches,40
past_year,40
second_edition,40
without_giving,40
replacement_parts,40
ranging_from,40
an_opportunity,40
chemistry_between,40
ended_up_returning,40
enjoy_watching,40
please_note,40
their_customers,40
enjoyed_watching,40
birthday_present,40
depending_on_the,40
he_talks,40
blown_away_by,40
strongly_suggest,40
works_as_advertised,40
theme_song,40
right_amount,39
wondering_how,39
bothered_me,39
side_effects,39
per_day,39
guitar_player,39
woke_up,39
fairly_easy,39
definately_recommend,39
caused_me,39
radio_shack,39
never_forget,39
less_than_months,39
last_minute,39
broke_within,39
he_meets,39
see_what_happens,39
ear_buds,39
supported_by,39
blew_me_away,39
year_old_loves,39
johnny_cash,39
come_apart,39
thirty_years,39
black_decker,39
cares_about,39
post_office,39
personal_life,39
little_longer,39
supporting_cast,39
no_excuse,39
another_pair,39
wasted_money,39
new_york_city,39
michael_jackson,39
an_oscar,39
differences_between,39
their_heads,39
got_bored,39
took_forever,39
much_else,39
most_popular,39
an_upgrade,39
falls_flat,39
image_quality,39
an_intelligent,39
time_consuming,39
but_who_cares,38
an_electric,38
tiny_bit,38
giving_us,38
an_amateur,38
thinking_about_buying,38
doesnt_work,38
last_forever,38
lacks_any,38
cast_iron,38
am_afraid,38
bruce_lee,38
white_noise,38
girl_named,38
lasted_years,38
let_hope,38
chock_full_of,38
his_girlfriend,38
an_essential,38
horror_film,38
third_party,38
been_listening,38
started_watching,38
young_girls,38
west_coast,38
exactly_as_described,38
cell_phones,38
got_tired,38
fine_job,38
low_rating,38
solo_album,38
never_get_tired,38
new_wave,38
mean_come,38
rooting_for,38
sherlock_holmes,38
original_recordings,38
before_ordering,38
faced_with,38
surrounded_by,38
stop_working,38
wo_be_sorry,38
an_ordinary,38
figuring_out,38
comes_close,38
middle_east,38
service_center,38
let_me_start,38
something_special,38
depend_on,38
top_ten,38
no_limit,37
our_favorite,37
new_orleans,37
started_playing,37
felt_compelled,37
ruined_by,37
describe_how,37
down_hill,37
photo_paper,37
rice_cooker,37
early_days,37
san_francisco,37
car_charger,37
different_styles,37
yrs_old,37
revolves_around,37
within_hours,37
expiration_date,37
reminded_me,37
bread_machine,37
perfect_example,37
college_student,37
next_door,37
its_purpose,37
working_fine,37
most_importantly,37
as_an_avid,37
resident_evil,37
amazes_me,37
your_brain,37
alarm_clock,37
caveat_emptor,37
creative_writing,36
cold_war,36
among_others,36
user_interface,36
john_grisham,36
wish_list,36
internet_connection,36
an_intriguing,36
easier_than,36
harder_than,36
name_brand,36
sum_up,36
an_excuse,36
dozen_times,36
gets_stuck,36
extremely_poor,36
too_seriously,36
louder_than,36
young_child,36
about_halfway,36
rock_n_roll,36
wireless_router,36
sesame_street,36
explain_why,36
cant_wait,36
walk_around,36
explain_how,36
younger_kids,36
young_boy,36
gon_na_be,36
singing_along,36
an_external,36
tai_chi,36
bon_jovi,36
really_enjoys,36
falls_into,36
heats_up,36
no_redeeming,36
came_apart,36
extra_features,36
chances_are,36
does_deserve,36
year_old_grandson,36
sci_fi,36
south_africa,36
michael_moore,36
ac_adapter,36
pop_culture,36
please_do_waste,36
plastic_bag,36
perfect_gift,36
trash_trash_trash_trash,36
super_easy,35
hours_later,35
cross_between,35
truly_amazing,35
weeks_later,35
does_require,35
any_parent,35
second_disc,35
ca_comment,35
without_question,35
go_figure,35
sensitive_skin,35
other_sites,35
cared_about,35
glimpse_into,35
their_debut,35
one_dimensional,35
true_crime,35
finds_out,35
kung_fu,35
fascinated_by,35
hdmi_cable,35
am_sending,35
of_new_york,35
full_screen,35
thumbs_down,35
has_fallen,35
clear_plastic,35
reminds_us,35
action_sequences,35
ive_ever,35
diagnosed_with,35
john_wayne,35
regret_buying,35
for_my_yr,35
romance_between,35
usb_cable,35
he_describes,35
repair_shop,35
half_way,35
bonus_tracks,35
old_testament,35
high_level,35
accompanied_by,35
seven_years,35
be_entertained,35
below_average,35
connection_between,35
van_halen,35
water_pressure,35
absolutely_wonderful,35
improve_your,35
funny_moments,35
she_thinks,35
live_performance,35
release_date,35
stumbled_upon,34
who_thinks,34
wrapped_up,34
fm_transmitter,34
hardly_worth,34
influenced_by,34
an_epic,34
thank_you_very,34
has_performed,34
within_weeks,34
your_own_risk,34
poor_job,34
garage_sale,34
sooner_than,34
stop_making,34
recommend_purchasing,34
dvd_format,34
catholic_church,34
each_track,34
nominated_for,34
limited_edition,34
zero_stars_if,34
complaints_about,34
cutting_edge,34
ipod_touch,34
fortunate_enough,34
ever_produced,34
entire_family,34
duct_tape,34
thats_why,34
description_says,34
wall_street,34
bring_myself,34
came_quickly,34
wan_na_be,34
commented_on,34
monty_python,34
single_player,34
million_times,34
can_only_assume,33
human_nature,33
duet_with,33
bad_batch,33
definately_worth,33
dishwasher_safe,33
greatly_disappointed,33
kitchen_aid,33
after_installing,33
struck_me,33
began_reading,33
english_class,33
nicole_kidman,33
every_episode,33
hong_kong,33
highly_disappointed,33
month_old_daughter,33
heating_element,33
neil_young,33
seek_out,33
least_bit,33
screwed_up,33
shipping_cost,33
these_cables,33
lesson_learned,33
deeper_into,33
an_extraordinary,33
amazed_by,33
forth_between,33
every_scene,33
he_sees,33
be_adjusted,33
aa_batteries,33
live_recording,33
every_morning,33
than_anything_else,33
ten_times,33
laughing_out_loud,33
yeah_right,33
local_stores,33
will_remain,33
do_worry,33
open_minded,33
ca_complain,33
having_sex,33
tom_cruise,32
cold_weather,32
romance_novels,32
good_overview,32
thank_you_amazon,32
toilet_paper,32
prime_example,32
grade_school,32
bonus_features,32
be_happier,32
b_w,32
web_page,32
if_you_wan_na,32
heavier_than,32
dry_skin,32
these_glasses,32
three_hours,32
after_waiting,32
everyone_knows,32
biggest_complaint,32
much_happier,32
after_finishing,32
carrying_case,32
divided_into,32
and_more_importantly,32
shell_out,32
lcd_screen,32
improve_their,32
light_bulb,32
measure_up,32
beyond_belief,32
fed_up,32
rainy_day,32
extremely_helpful,32
slower_than,32
rechargeable_batteries,32
fully_charged,32
shipping_costs,32
absolutely_beautiful,32
my_fav,32
no_substance,32
vietnam_war,32
in_its_entirety,32
background_noise,32
public_library,32
kept_falling,32
convinced_me,32
aspect_ratio,32
plus_shipping,32
added_bonus,32
baby_einstein,32
deep_purple,32
user_manual,32
well_crafted,32
poorly_organized,32
compete_with,32
whatever_reason,32
considering_buying,32
low_light,32
at_home_depot,32
different_kinds,31
fine_print,31
roller_coaster,31
web_sites,31
recognized_by,31
an_angel,31
miles_away,31
fit_properly,31
wo_let,31
coffee_makers,31
forced_myself,31
despite_being,31
laid_back,31
old_lady,31
rock_roll,31
lots_of_great,31
super_fast,31
wondered_if,31
looks_cool,31
interested_in_reading,31
cope_with,31
pretty_decent,31
big_difference,31
extremely_disappointing,31
especially_considering,31
reasons_why,31
an_airplane,31
actor_who,31
black_metal,31
interested_in_learning,31
metal_band,31
fair_amount,31
ended_up_being,31
common_problem,31
young_men,31
drawn_into,31
mariah_carey,31
large_size,31
make_matters,31
real_treat,31
buyers_beware,31
child_abuse,31
an_alien,31
short_period,31
lose_weight,31
production_quality,31
own_personal,31
plastic_parts,31
folk_music,31
taken_seriously,31
darn_thing,31
fond_memories,31
coffee_pot,30
thinks_he,30
negative_review,30
was_pleasantly,30
fantastic_job,30
hundred_pages,30
keeps_getting,30
native_americans,30
might_be_able,30
month_later,30
your_neck,30
huge_difference,30
miles_davis,30
present_day,30
less_than_half,30
boy_named,30
started_leaking,30
five_times,30
everybody_else,30
ended_up_throwing,30
departure_from,30
still_alive,30
your_toes,30
lower_price,30
im_sure,30
most_talented,30
compelling_story,30
plot_lines,30
trouble_getting,30
battery_charger,30
ever_recorded,30
director_cut,30
warranty_expired,30
somewhere_between,30
to_my_dismay,30
am_enjoying,30
lowest_setting,30
deserves_stars,30
human_condition,30
poorly_executed,30
usb_ports,30
far_between,30
above_average,30
getting_rid,30
ended_up_getting,30
got_rid,30
pay_shipping,30
spice_girls,30
plot_development,30
your_finger,30
alex_cross,30
black_white,30
larger_size,30
month_old_son,30
extremely_comfortable,30
wait_till,30
little_sister,30
average_person,30
thrown_together,30
error_message,30
his_dad,30
pretty_quickly,30
junk_junk_junk_junk,30
valuable_information,29
too_busy,29
email_me,29
julia_roberts,29
toys_r_us,29
north_america,29
finds_himself,29
female_characters,29
original_artists,29
law_enforcement,29
large_amount,29
staring_at,29
extended_versions,29
entertainment_value,29
wasting_your_time,29
original_versions,29
smooth_jazz,29
an_enormous,29
base_unit,29
such_luck,29
lifetime_warranty,29
television_series,29
feel_cheated,29
go_anywhere,29
wonderfully_written,29
hot_air,29
has_grown,29
updated_version,29
remember_watching,29
both_versions,29
originally_released,29
dried_out,29
ca_compare,29
passed_away,29
via_amazon,29
ive_been,29
where_near,29
camera_angles,29
things_happen,29
phone_call,29
pointing_out,29
air_force,29
offended_by,29
worth_owning,29
classic_rock,29
large_number,29
record_store,29
touched_by,29
locks_up,29
side_note,29
acoustic_guitar,29
general_public,29
different_colors,29
newer_version,29
box_office,29
telling_us,29
lo_que,29
already_broken,29
smaller_size,29
raved_about,29
slightly_different,29
relies_on,29
other_peoples,28
second_pair,28
cable_modem,28
josh_groban,28
take_note,28
d_d,28
can_afford,28
no_pun,28
english_subtitles,28
high_pitched,28
laughed_out_loud,28
x_x,28
birthday_party,28
eye_opener,28
next_morning,28
nice_touch,28
absolute_worst,28
heating_pad,28
not_gon_na,28
never_fails,28
lots_of_good,28
interact_with,28
grammatical_errors,28
an_evening,28
took_care,28
please_tell,28
eight_years,28
an_inspiration,28
darker_than,28
folds_up,28
he_spends,28
food_processor,28
self_help,28
well_documented,28
much_nicer,28
mental_illness,28
most_famous,28
digital_cameras,28
right_wing,28
contacted_amazon,28
few_moments,28
my_purse,28
dan_brown,28
diaper_bag,28
dave_matthews,28
author_writes,28
story_teller,28
background_information,28
follow_along,28
shop_around,28
surprise_ending,28
suction_cup,28
many_aspects,28
poorly_constructed,28
dirt_devil,28
concentrate_on,28
hard_earned,28
practice_tests,28
god_word,28
slow_cooker,28
electronic_music,28
elevator_music,28
lasted_less,28
an_emergency,28
good_charlotte,28
ha_ha_ha_ha,28
never_tire,27
facial_expressions,27
pleasant_surprise,27
inches_long,27
major_problem,27
recent_years,27
an_infant,27
different_sizes,27
excellent_service,27
six_year,27
different_brands,27
sitting_around,27
os_x,27
getting_ready,27
horror_films,27
good_ol,27
wide_screen,27
amazon_prime,27
adam_sandler,27
year_old_girl,27
reference_guide,27
daughter_loves,27
skeptical_about,27
bad_luck,27
record_label,27
very_dissatisfied,27
am_pleased,27
each_section,27
track_listing,27
our_dogs,27
lots_of_action,27
beach_boys,27
flash_drive,27
high_energy,27
insist_on,27
king_james,27
information_regarding,27
drove_me,27
other_countries,27
george_bush,27
walking_around,27
these_pens,27
macbook_pro,27
nail_polish,27
bothers_me,27
flimsy_plastic,27
add_insult,27
jack_nicholson,27
knock_off,27
dolby_digital,27
goes_beyond,27
paying_attention,27
young_adults,27
very_dissappointed,27
ended_up_using,27
decide_whether,27
matter_what,27
sadly_disappointed,27
second_chance,27
jet_li,27
dissatisfied_with,27
earlier_version,27
fast_food,27
places_where,27
catchy_tunes,27
sailor_moon,27
whole_bunch,27
diaper_genie,27
an_introductory,27
source_code,27
late_night,27
their_families,27
an_accident,27
consumer_reports,27
moving_around,27
field_guide,27
delve_into,27
their_roles,27
informed_me,26
voice_acting,26
low_cost,26
commenting_on,26
rock_bands,26
improvement_over,26
low_volume,26
personal_experiences,26
cordless_phone,26
as_instructed,26
older_version,26
same_exact,26
only_downfall,26
after_washing,26
worth_purchasing,26
christmas_gifts,26
red_light,26
cold_water,26
interfere_with,26
be_fooled,26
american_pie,26
better_suited,26
positive_thing,26
taking_pictures,26
wasting_money,26
iron_maiden,26
pearl_harbor,26
new_generation,26
six_weeks,26
line_between,26
worth_paying,26
law_school,26
paired_with,26
every_step,26
been_published,26
dean_koontz,26
north_carolina,26
radio_stations,26
positive_side,26
yard_sale,26
and_most_importantly,26
absolute_favorite,26
history_class,26
per_se,26
mattress_pad,26
next_step,26
thrown_into,26
national_geographic,26
breaks_down,26
sums_up,26
thrown_away,26
xbox_live,26
planet_earth,26
toilet_seat,26
arrived_today,26
those_rare,26
college_students,26
gap_between,26
went_online,26
she_meets,26
unique_style,26
including_shipping,26
nicholas_sparks,26
studio_albums,26
pop_rock,26
replacement_battery,26
then_suddenly,26
power_adapter,26
no_regrets,26
sent_an_email,26
stock_market,26
global_warming,26
wakes_up,26
usb_hub,26
someone_who_wants,26
paper_towel,26
jurassic_park,26
chick_lit,26
very_dissapointing,26
an_unknown,26
error_messages,26
kept_hoping,26
chemical_smell,25
my_fiance,25
definite_must,25
opens_up,25
basic_information,25
suction_cups,25
never_sounded,25
lay_down,25
part_ii,25
mickey_mouse,25
explaining_how,25
typographical_errors,25
explains_why,25
doing_business,25
ever_encountered,25
way_ahead,25
absolute_best,25
could_afford,25
large_print,25
an_intimate,25
beastie_boys,25
bit_pricey,25
hundred_years,25
my_hubby,25
windows_vista,25
son_loves,25
motion_picture,25
human_race,25
quickly_became,25
shipped_quickly,25
live_versions,25
wade_through,25
s_h,25
ca_speak,25
fast_delivery,25
love_affair,25
drew_me,25
an_afternoon,25
clear_concise,25
summer_reading,25
went_straight,25
vhs_copy,25
cardboard_box,25
wide_enough,25
an_unexpected,25
attention_span,25
readily_available,25
bruce_willis,25
picky_about,25
ea_sports,25
you_owe,25
an_academic,25
twentieth_century,25
live_performances,25
hd_dvd,25
captivated_by,25
poorly_edited,25
billed_as,25
new_england,25
each_individual,25
color_photos,25
older_children,25
from_walmart,25
only_criticism,25
riddled_with,25
fell_flat,25
racing_game,25
damn_thing,25
stretched_out,25
fold_up,25
after_owning,25
remember_seeing,25
second_rate,25
lighter_than,25
east_coast,25
affected_by,25
young_readers,25
tight_fit,25
tomb_raider,25
almost_daily,25
no_offense,25
incredibly_boring,25
tied_up,25
many_cases,24
come_loose,24
lasted_longer,24
lesser_known,24
my_only_gripe,24
slowed_down,24
plugs_into,24
relatively_easy,24
locked_up,24
personal_favorites,24
list_goes,24
pales_in,24
plot_twist,24
clearly_states,24
stops_working,24
historical_information,24
you_wan_na,24
completely_satisfied,24
stop_playing,24
listed_here,24
too_wide,24
academy_award,24
hardwood_floors,24
delivery_date,24
junior_high,24
until_recently,24
putting_together,24
greater_than,24
slip_off,24
san_diego,24
read_aloud,24
stood_up,24
hardly_ever,24
target_audience,24
geared_towards,24
bass_player,24
slow_paced,24
freezes_up,24
original_cast,24
balance_between,24
failed_miserably,24
worth_returning,24
lonely_planet,24
new_yorker,24
somebody_else,24
jumps_around,24
grand_daughter,24
far_as,24
battery_compartment,24
high_speed,24
musical_score,24
steering_wheel,24
ten_bucks,24
este_libro,24
box_sets,24
pulled_off,24
capitalize_on,24
ive_seen,24
table_saw,24
more_importantly,24
too_narrow,24
spending_money,24
upon_opening,24
record_companies,24
holy_grail,24
stood_out,24
vhs_version,24
higher_level,24
besides_being,24
shipping_charges,24
guitar_solos,24
mouse_pad,24
clearly_written,24
favorite_movies,24
matter_how,24
earlier_works,24
should_be_aware,24
caller_id,24
hand_held,24
locking_mechanism,24
coffee_hot,24
chronological_order,24
works_wonderfully,24
wasting_your_money,24
our_church,24
if_you_intend,24
memory_cards,24
air_filter,24
these_earrings,24
oh_yes,24
patricia_cornwell,24
white_house,24
vhs_tapes,24
certain_amount,24
rust_spots,24
social_commentary,24
christmas_morning,24
coffee_grinder,24
chopped_up,24
low_carb,24
middle_class,23
was_gon_na,23
ten_years_ago,23
lays_out,23
audio_version,23
serious_student,23
scooby_doo,23
gets_worse,23
department_store,23
new_jersey,23
judging_by,23
once_upon,23
ends_up_being,23
never_recieved,23
downward_spiral,23
exactly_as_advertised,23
bible_study,23
far_beyond,23
eye_candy,23
historical_novel,23
car_stereo,23
fifteen_minutes,23
ja_rule,23
an_advertisement,23
worrying_about,23
similar_problems,23
somebody_who,23
dog_loves,23
battery_pack,23
cd_rom,23
separated_from,23
little_pricey,23
personal_experience,23
other_users,23
try_something_else,23
michael_crichton,23
dog_hair,23
without_hesitation,23
boiling_water,23
without_knowing,23
robert_jordan,23
relationships_between,23
little_gem,23
stumbled_across,23
an_electrical,23
paper_weight,23
high_chair,23
historical_facts,23
terribly_disappointed,23
wall_mount,23
idea_behind,23
guitar_solo,23
the_da_vinci,23
bob_dylan,23
ayn_rand,23
mel_gibson,23
holy_spirit,23
feel_ripped,23
killed_off,23
body_fat,23
worked_properly,23
detract_from_the,23
highly_reccommend,23
wonderful_addition,23
chick_flick,23
warranty_period,23
into_consideration,23
extension_cord,23
pressure_cooker,23
an_essay,23
train_wreck,23
both_ends,23
quick_reference,23
nancy_drew,23
an_extensive,23
in_san_francisco,23
higher_price,23
lasted_months,23
vocal_range,23
stop_watching,23
stop_laughing,23
sat_through,23
porter_cable,23
detracts_from,23
smart_enough,23
per_year,23
next_generation,23
power_button,23
gluten_free,23
john_lennon,23
ever_wondered,23
gim_me,23
visual_effects,23
favorite_song,23
classified_as,23
collecting_dust,23
historical_romance,23
worst_films,23
cat_litter,22
arrived_broken,22
are_top_notch,22
flat_iron,22
color_pictures,22
huge_mistake,22
local_hardware_store,22
assure_you,22
these_socks,22
be_forewarned,22
quieter_than,22
packaged_well,22
poorly_acted,22
taken_care,22
soviet_union,22
ordinary_people,22
front_door,22
many_compliments,22
ipod_nano,22
extra_bucks,22
es_una,22
friend_recommended,22
al_franken,22
ca_afford,22
sunday_school,22
ca_explain,22
practical_information,22
acquainted_with,22
take_forever,22
started_falling,22
camping_trip,22
agatha_christie,22
en_la,22
goes_nowhere,22
restocking_fee,22
got_married,22
quick_buck,22
spinal_tap,22
did_not_disappoint,22
warner_brothers,22
brings_us,22
you_gon_na,22
rod_stewart,22
staying_away,22
moulin_rouge,22
santa_claus,22
blair_witch,22
nintendo_ds,22
life_changing,22
elton_john,22
fantasy_world,22
north_american,22
entry_level,22
comic_relief,22
based_off,22
missing_parts,22
personal_opinion,22
theres_no,22
im_glad,22
high_priced,22
whining_about,22
grand_canyon,22
delves_into,22
anyone_who_thinks,22
suffer_through,22
punk_band,22
musical_talent,22
information_presented,22
lets_hope,22
thoroughly_enjoy,22
attacked_by,22
looking_elsewhere,22
anita_blake,22
high_definition,22
kay_scarpetta,22
ghost_story,22
positive_note,22
waking_up,22
stay_together,22
transition_from,22
poor_excuse,22
worth_checking,22
rather_quickly,22
k_n,22
jewel_case,22
completely_dead,22
exceeded_my_expectations,22
quick_release,22
life_span,22
south_america,22
headphone_jack,22
entirely_different,22
extended_editions,22
totally_agree,22
backed_by,22
medium_size,22
plot_holes,22
falling_asleep,22
draw_back,22
bit_longer,22
role_model,22
johnny_depp,22
battle_scenes,22
an_objective,22
drawing_board,22
lots_of_information,21
these_jeans,21
extended_edition,21
collector_edition,21
green_light,21
never_understood,21
few_listens,21
brings_back_memories,21
within_two_weeks,21
our_nation,21
shines_through,21
anytime_soon,21
tim_burton,21
high_marks,21
seller_sent,21
thin_plastic,21
anyone_considering,21
teaching_tool,21
water_resistant,21
while_traveling,21
human_spirit,21
sean_connery,21
non_stop,21
heart_warming,21
opening_credits,21
act_together,21
baby_food,21
south_park,21
stop_listening,21
rob_zombie,21
shower_gift,21
concur_with,21
more_sophisticated,21
zero_star,21
bright_light,21
close_shave,21
camera_bag,21
changing_table,21
nicely_done,21
fell_short,21
spoiled_by,21
based_on_reviews,21
on_my_nerves,21
his_arguments,21
ear_piece,21
best_bet,21
early_century,21
any_stretch,21
excerpts_from,21
debut_cd,21
why_bother,21
she_grows,21
secondary_characters,21
hard_drives,21
twenty_minutes,21
stronger_than,21
misled_by,21
my_fave,21
slows_down,21
water_tank,21
these_kinds,21
an_alternate,21
self_titled,21
lcd_display,21
might_consider,21
anxiously_awaiting,21
memory_stick,21
memory_foam,21
an_engineer,21
google_search,21
middle_eastern,21
walked_away,21
their_faces,21
f_word,21
car_accident,21
clearly_shows,21
hardware_store,21
an_ounce,21
edited_version,21
agree_with_other_reviewers,21
beautifully_illustrated,21
flipped_through,21
english_teacher,21
judging_from,21
running_windows,21
home_office,21
walt_disney,21
your_hard_earned,21
its_predecessor,21
half_ago,21
plain_old,21
powerful_voice,21
seven_year,21
total_piece,21
bay_area,21
far_fetched,21
sexual_content,21
supreme_court,21
gets_caught,21
ink_cartridge,21
friendship_between,21
run_across,21
sarah_brightman,21
extremely_pleased,21
fast_moving,21
progressive_rock,21
chicken_soup,21
self_esteem,21
go_elsewhere,21
office_depot,21
n_sync,21
please_stop,21
ha_ha,21
should_be_considered,21
impress_me,21
bright_side,21
award_winning,21
harry_potter_books,21
strong_female,21
their_careers,21
far_cry,21
page_turner,21
surge_protector,21
instant_video,21
no_surprises,21
noise_canceling,21
jackie_chan,21
virtually_every,20
vast_majority,20
raving_about,20
five_years_ago,20
replay_value,20
bonus_track,20
an_audiophile,20
falling_down,20
create_your_own,20
no_reply,20
pops_up,20
lonesome_dove,20
double_sided,20
didn_t,20
affordable_price,20
huge_hit,20
per_week,20
close_attention,20
final_chapter,20
centered_around,20
many_twists,20
quick_delivery,20
cold_winter,20
positive_review,20
original_packaging,20
most_overrated,20
oh_please,20
stolen_from,20
would_reccommend,20
overwhelmed_by,20
information_contained,20
back_yard,20
sex_pistols,20
anyone_who_reads,20
say_goodbye,20
earlier_albums,20
god_knows,20
dive_into,20
talented_writer,20
card_reader,20
too_bulky,20
younger_children,20
several_places,20
pretty_lame,20
bluetooth_headset,20
wireless_network,20
saving_private_ryan,20
finally_broke,20
sympathize_with,20
mentioned_above,20
screw_driver,20
feel_compelled,20
latest_effort,20
heartily_recommend,20
long_periods,20
young_age,20
action_adventure,20
lit_up,20
kevin_smith,20
learning_tool,20
highest_setting,20
russell_watson,20
foul_language,20
de_las,20
me_cry,20
been_released,20
young_women,20
power_source,20
different_levels,20
rock_solid,20
living_dead,20
screen_shots,20
high_school_students,20
espresso_machine,20
gets_older,20
celine_dion,20
white_men,20
skimming_through,20
dried_up,20
shorted_out,20
fred_durst,20
depeche_mode,20
strength_training,20
will_not_disappoint,20
too_lazy,20
at_first_glance,20
retail_price,20
electric_guitar,20
her_boyfriend,20
big_bucks,20
touch_screen,20
well_rounded,20
negative_comments,20
jennifer_lopez,20
lots_of_people,20
short_amount,20
robin_williams,20
sql_server,20
an_affair,20
nobody_else,20
stopped_playing,20
docking_station,20
my_hard_earned,20
le_creuset,20
harrison_ford,20
inferior_product,20
ice_cube,20
taking_care,20
been_searching,20
shower_head,20
every_recipe,20
david_gilmour,20
es_un,20
character_study,20
female_character,20
dog_food,20
shoulder_strap,20
extra_large,20
every_seconds,20
without_losing,20
exam_cram,20
wireless_connection,20
can_assure,20
period_piece,19
little_tricky,19
keeps_falling,19
detailed_information,19
thrift_store,19
countless_times,19
lcd_tv,19
freeze_up,19
interaction_between,19
theatrical_version,19
fairy_tales,19
year_old_granddaughter,19
wide_open,19
retail_store,19
derived_from,19
clint_eastwood,19
cleans_up,19
eddie_murphy,19
these_pills,19
our_government,19
thousand_times,19
heart_attack,19
year_round,19
unless_you_enjoy,19
body_parts,19
circuit_city,19
most_notably,19
sh_t,19
froze_up,19
still_manages,19
snapped_off,19
is_an_understatement,19
flipping_through,19
geared_toward,19
grabbed_me,19
beautifully_done,19
master_p,19
editorial_review,19
previous_versions,19
bed_bath,19
same_league,19
dixie_chicks,19
ten_pages,19
de_niro,19
screen_protector,19
an_atheist,19
police_officer,19
older_brother,19
mixed_reviews,19
table_top,19
clearly_stated,19
mac_os,19
dressed_up,19
stopped_watching,19
ten_year_old,19
code_examples,19
teach_yourself,19
history_lesson,19
oh_wait,19
y_la,19
en_el,19
painfully_slow,19
new_zealand,19
in_los_angeles,19
inner_workings,19
shoulder_straps,19
relatively_small,19
few_laughs,19
their_bodies,19
correct_size,19
kept_saying,19
twilight_zone,19
water_bottle,19
jim_carrey,19
havent_seen,19
popped_off,19
outer_space,19
an_agenda,19
pulp_fiction,19
star_ratings,19
no_worries,19
top_five,19
redeeming_qualities,19
horribly_written,19
return_process,19
easily_understood,19
curly_hair,19
dance_floor,19
jimi_hendrix,19
extended_warranty,19
within_seconds,19
fairly_large,19
stare_at,19
george_martin,19
reason_alone,19
diaper_champ,19
credit_cards,19
cup_holder,19
air_mattress,19
source_material,19
pretty_darn,19
thoroughly_disappointed,19
biggest_disappointment,19
found_myself_skipping,19
an_outline,19
nine_inch_nails,19
dalai_lama,19
ranges_from,19
move_along,19
dont_bother,19
total_disappointment,19
these_slippers,19
return_label,19
operating_systems,19
several_chapters,19
no_indication,19
cutting_board,19
cotton_candy,19
david_bowie,19
wont_regret,19
rechargeable_battery,19
digital_display,19
deeper_than,19
desert_island,19
five_star_rating,19
hilary_duff,19
microsoft_office,19
historical_background,19
highest_quality,19
ewan_mcgregor,19
fatal_flaw,19
can_safely,18
determine_if,18
on_behalf,18
sandra_brown,18
human_body,18
theatrical_release,18
staying_power,18
frank_sinatra,18
extremely_talented,18
true_nature,18
an_embarrassment,18
dont_care,18
laid_down,18
final_cut,18
toner_cartridge,18
computer_generated,18
left_wondering,18
middle_ages,18
canon_powershot,18
doubts_about,18
valentine_day,18
historical_events,18
stephanie_plum,18
non_stick,18
dvd_recorder,18
customer_service_rep,18
relying_on,18
noise_cancelling,18
coming_apart,18
redeeming_quality,18
builds_up,18
casual_fan,18
even_tho,18
cary_grant,18
dull_dull,18
anniversary_edition,18
no_frills,18
speak_english,18
two_cents,18
bubble_gum,18
phil_collins,18
boil_water,18
writing_skills,18
christmas_tree,18
complete_lack,18
hamilton_beach,18
health_care,18
teenage_girl,18
paper_thin,18
comes_apart,18
her_aunt,18
breast_cancer,18
littered_with,18
my_nephews,18
before_deciding,18
fleshed_out,18
if_youre,18
shipped_fast,18
low_fat,18
van_damme,18
song_selection,18
long_distance,18
windows_media_player,18
merry_christmas,18
pops_off,18
looks_exactly,18
death_row,18
working_properly,18
hurry_up,18
david_lynch,18
digitally_remastered,18
hype_surrounding,18
couple_hundred,18
blah_blah,18
fifty_years,18
ran_across,18
nu_metal,18
interesting_premise,18
five_months,18
scroll_wheel,18
s_m,18
curl_up,18
just_wan_na,18
amaze_me,18
spiral_bound,18
crock_pot,18
storage_space,18
front_wheel,18
soon_as,18
year_old_nephew,18
film_maker,18
gay_man,18
fallen_off,18
de_una,18
high_school_student,18
return_window,18
originally_published,18
wu_tang,18
lighten_up,18
rated_r,18
ask_yourself,18
package_arrived,18
hold_onto,18
family_tree,18
sheryl_crow,18
million_dollars,18
slow_motion,18
repair_center,18
currently_available,18
brain_cells,18
biggest_waste,18
fall_flat,18
middle_aged,18
mental_health,18
leather_case,18
black_ink,18
wo_spoil,18
steely_dan,18
norah_jones,18
true_meaning,18
curling_iron,18
holiday_season,18
be_ashamed,18
certain_parts,18
third_season,18
moves_along,18
speaker_phone,18
thoroughly_enjoyable,18
ironing_board,18
marilyn_manson,18
true_gem,18
slightly_larger,18
information_provided,18
fails_miserably,18
young_boys,18
laundry_room,18
individuals_who,18
plain_english,18
dream_theater,18
agree_with_another_reviewer,18
adds_nothing,18
plastic_bags,18
already_familiar,18
who_enjoys,18
hot_coffee,18
always_wondered,18
grade_level,17
peeling_off,17
depending_on_how,17
exact_same_problem,17
unanswered_questions,17
backed_up_by,17
cost_effective,17
thicker_than,17
washing_machine,17
b_b,17
aaa_batteries,17
finally_died,17
email_address,17
internet_security,17
opening_scene,17
bill_murray,17
french_press,17
fit_nicely,17
wood_floors,17
american_beauty,17
rave_about,17
hand_mixer,17
oddly_enough,17
dutch_oven,17
page_turning,17
skimmed_through,17
grew_up_watching,17
magazine_article,17
tom_waits,17
wild_west,17
health_food_store,17
vanilla_ice,17
bright_colors,17
high_notes,17
tag_team,17
my_grandaughter,17
sub_par,17
poorly_developed,17
upon_arrival,17
latest_release,17
snoop_dogg,17
street_fighter,17
history_channel,17
auto_parts,17
rape_scene,17
struck_by,17
kitchen_sink,17
relevant_today,17
thrash_metal,17
elbow_grease,17
meryl_streep,17
fox_news,17
long_awaited,17
having_grown,17
does_not_disappoint,17
learning_curve,17
travel_guide,17
their_hearts,17
long_lasting,17
study_guides,17
bargain_price,17
young_lady,17
thin_air,17
no_intention,17
keeps_coming,17
wall_charger,17
school_library,17
flea_market,17
fifteen_years,17
conducted_by,17
metal_bands,17
mountain_bike,17
key_points,17
rainbow_six,17
eye_opening,17
hp_printer,17
conflict_between,17
belly_dance,17
cult_classic,17
personal_preference,17
drug_store,17
film_noir,17
dialogue_between,17
several_hundred,17
an_immediate,17
fully_developed,17
sunny_day,17
every_penny,17
come_undone,17
open_your_eyes,17
mind_blowing,17
flat_surface,17
counter_space,17
s_t,17
self_indulgent,17
good_old_fashioned,17
reviewer_said,17
hot_wheels,17
today_standards,17
rhythm_section,17
civil_rights,17
held_together,17
air_flow,17
eric_clapton,17
happy_camper,17
original_trilogy,17
fifth_grade,17
me_interested,17
rolling_stone,17
rife_with,17
b_movies,17
twice_before,17
feels_cheap,17
bass_lines,17
fbi_agent,17
stevie_nicks,17
detailed_descriptions,17
musical_genius,17
hearing_impaired,17
used_bookstore,17
these_bowls,17
critical_thinking,17
factual_errors,17
losing_weight,17
exact_same_thing,17
rattling_around,17
quick_shipping,17
trouble_finding,17
medium_sized,17
racing_games,17
cassette_player,17
red_hot,17
danielle_steel,17
works_flawlessly,17
several_copies,17
absolutely_fantastic,17
compact_size,17
midway_through,17
long_winded,17
graphics_card,17
tyler_perry,17
sentence_structure,17
feel_guilty,17
encourage_anyone,17
contained_within,17
refrain_from,17
coffee_beans,17
costa_rica,17
suggest_buying,17
sleeping_bag,17
guilty_pleasure,17
babies_r_us,17
our_hearts,17
high_standard,17
steve_martin,17
detailed_instructions,17
whole_foods,17
saturday_morning,17
if_you_can_afford,17
wo_be_dissapointed,17
paperback_version,17
pet_hair,17
digital_audio,17
five_days,17
decades_ago,17
green_tea,17
our_bedroom,17
reset_button,16
technical_information,16
tori_amos,16
atomic_clock,16
user_error,16
much_thinner,16
main_theme,16
cordless_phones,16
slog_through,16
ww_ii,16
be_summed,16
other_buyers,16
bush_administration,16
smashing_pumpkins,16
ann_coulter,16
empathize_with,16
centers_around,16
negative_comment,16
both_my_husband,16
woody_allen,16
defective_unit,16
incredibly_stupid,16
stevie_ray,16
usb_adapter,16
battery_lasted,16
worth_renting,16
key_west,16
breath_away,16
strategy_guide,16
forty_years,16
helpful_hints,16
all_fairness,16
wrong_direction,16
michael_connelly,16
an_afterthought,16
clock_radio,16
expansion_pack,16
stay_awake,16
height_adjustment,16
glossed_over,16
en_este,16
below_par,16
dot_com,16
barely_hear,16
cliff_notes,16
pure_genius,16
superb_job,16
pet_store,16
meet_my_expectations,16
cleared_up,16
well_defined,16
control_panel,16
central_character,16
called_tech,16
fits_nicely,16
interested_in_seeing,16
sincerely_hope,16
washington_dc,16
replacement_heads,16
less_than_an_hour,16
washington_post,16
skim_through,16
mile_away,16
depending_on_your,16
old_favorites,16
debut_novel,16
story_unfolds,16
soo_much,16
fair_warning,16
optical_mouse,16
move_forward,16
huge_amount,16
bridget_jones,16
eagerly_awaiting,16
tell_ya,16
wild_ride,16
road_trips,16
super_saver,16
historical_accuracy,16
sunday_afternoon,16
radio_friendly,16
tracking_number,16
poor_editing,16
lots_of_other,16
bee_gees,16
seat_covers,16
public_domain,16
skipping_pages,16
doesn_t,16
solo_albums,16
must_confess,16
practical_guide,16
upbeat_songs,16
messing_up,16
decade_ago,16
consider_buying,16
each_member,16
an_isolated,16
teenage_girls,16
hard_pressed,16
linda_howard,16
worked_flawlessly,16
suffered_through,16
facial_hair,16
technical_details,16
symphony_orchestra,16
jack_black,16
author_spends,16
blue_screen,16
slide_show,16
next_installment,16
motor_skills,16
super_mario,16
western_digital,16
whole_wheat,16
quicker_than,16
jumping_around,16
lou_reed,16
graphic_novel,16
search_engine,16
previous_novels,16
eight_months,16
golden_retriever,16
my_neice,16
cardboard_characters,16
dark_knight,16
unsure_if,16
hate_hate,16
real_page_turner,16
head_phones,16
gps_unit,16
from_new_york,16
backed_up,16
most_influential,16
string_quartet,16
indiana_jones,16
depending_on_what,16
musical_styles,16
usb_connection,16
right_angle,16
tour_de_force,16
four_seasons,16
six_sigma,16
roman_catholic,16
completely_unbelievable,16
african_americans,16
brad_pitt,16
problem_solved,16
hot_chocolate,16
dinner_party,16
who_believes,16
cooling_pad,16
hats_off,16
metal_gear,16
south_african,16
getting_married,16
moby_dick,16
wrapped_around,16
cat_hair,15
upon_further,15
totally_unbelievable,15
arch_support,15
lets_face,15
quickly_becomes,15
pure_junk,15
index_finger,15
mel_brooks,15
bright_spot,15
basic_concepts,15
signal_strength,15
quite_awhile,15
widescreen_format,15
jane_eyre,15
spiritual_journey,15
ad_nauseum,15
shopped_around,15
highly_rated,15
potential_buyers,15
battery_lasts,15
surround_sound_system,15
study_bible,15
internet_access,15
kit_lens,15
judas_priest,15
lose_interest,15
mesmerized_by,15
guessing_until,15
rings_true,15
billy_blanks,15
title_suggests,15
our_grandson,15
piano_playing,15
christmas_carol,15
wonder_whether,15
metallica_fan,15
mildly_interesting,15
talented_group,15
razor_sharp,15
detracted_from,15
historically_accurate,15
well_executed,15
circuit_board,15
mildly_entertaining,15
south_beach,15
xmas_gift,15
sewing_machine,15
yrs_ago,15
print_server,15
and_vice_versa,15
installation_instructions,15
intimidated_by,15
fm_radio,15
air_purifier,15
worked_as_advertised,15
mini_games,15
production_value,15
topics_covered,15
bring_tears,15
well_versed,15
fairly_quickly,15
blood_sugar,15
digital_photography,15
hd_tv,15
bass_response,15
warmed_up,15
shutting_off,15
worth_picking,15
nine_months,15
problem_solving,15
tap_water,15
differs_from,15
third_edition,15
favorable_reviews,15
every_corner,15
low_profile,15
few_exceptions,15
extensive_research,15
tremendous_amount,15
system_requirements,15
long_overdue,15
third_grade,15
low_expectations,15
prompted_me,15
worst_enemy,15
funnier_than,15
magnifying_glass,15
cigarette_lighter,15
justin_timberlake,15
king_arthur,15
jimmy_page,15
extremely_uncomfortable,15
local_grocery,15
received_an_email,15
anthony_hopkins,15
foreign_policy,15
wireless_mouse,15
sound_alike,15
power_rangers,15
who_owns,15
straight_line,15
highest_level,15
booster_seat,15
false_advertisement,15
kept_asking,15
worked_wonderfully,15
ended_up_purchasing,15
welcome_addition,15
jeff_beck,15
particular_model,15
internet_search,15
def_leppard,15
total_lack,15
ipod_shuffle,15
saturday_night_live,15
compact_flash,15
viet_nam,15
acting_skills,15
per_page,15
function_properly,15
annoy_me,15
bye_bye,15
cant_tell,15
lead_guitar,15
short_lived,15
full_frame,15
floating_around,15
tied_together,15
bargain_bin,15
van_morrison,15
f_k,15
our_minds,15
access_point,15
cookie_cutter,15
has_matured,15
wondered_why,15
protein_powder,15
plastic_container,15
fat_joe,15
due_respect,15
bass_guitar,15
road_bike,15
deja_vu,15
slapped_together,15
well_paced,15
dell_inspiron,15
jack_johnson,15
diaper_pail,15
deep_fryer,15
felt_cheated,15
delivered_quickly,15
met_my_expectations,15
lyrical_content,15
lost_lbs,15
graduate_level,15
fit_snugly,15
nimh_batteries,15
latest_edition,15
component_video,15
battery_died,15
roman_empire,15
japanese_culture,15
light_hearted,15
american_literature,15
guitar_players,15
center_channel,15
external_hard_drive,15
turbo_tax,15
grew_up_listening,15
martial_art,15
bubble_wrap,15
tall_enough,15
reasoning_behind,15
sharp_edges,15
artificial_intelligence,14
been_warned,14
ben_stiller,14
brown_rice,14
leap_frog,14
loosely_based,14
deluxe_edition,14
love_triangle,14
peter_jackson,14
high_standards,14
times_per,14
female_lead,14
motor_burned,14
main_focus,14
avril_lavigne,14
cassette_tape,14
any_indication,14
health_problems,14
timeless_classic,14
man_whose,14
terry_pratchett,14
mark_twain,14
what_happend,14
filter_basket,14
south_carolina,14
machine_gun,14
forcing_myself,14
ever_tasted,14
after_completing,14
fast_pace,14
spelling_errors,14
no_brainer,14
tea_bags,14
bounty_hunter,14
winds_up,14
visually_stunning,14
crapped_out,14
martha_stewart,14
countless_hours,14
down_memory_lane,14
marred_by,14
two_dimensional,14
but_more_importantly,14
car_seats,14
various_aspects,14
bruce_springsteen,14
dynamic_range,14
parking_lot,14
workout_videos,14
somebody_please,14
hand_wash,14
coffee_grounds,14
diana_krall,14
total_joke,14
fight_against,14
steven_king,14
fight_scene,14
lasting_impression,14
of_green_gables,14
studio_versions,14
henry_viii,14
distinguish_between,14
kindle_fire,14
wider_than,14
crying_out_loud,14
usb_drive,14
or_lack_thereof,14
original_theatrical,14
matt_damon,14
solid_construction,14
bird_feeder,14
tom_hanks,14
gon_na_get,14
mortal_kombat,14
disney_channel,14
shuts_down,14
sweet_dreams,14
lead_role,14
marvin_gaye,14
foray_into,14
speaks_volumes,14
copy_protection,14
graduate_students,14
half_dozen,14
garlic_press,14
contacted_customer,14
major_flaw,14
look_closely,14
heart_disease,14
fight_club,14
younger_brother,14
sad_sad,14
lying_around,14
an_understatement,14
robin_hood,14
expecting_something,14
warm_air,14
wide_angle,14
feng_shui,14
almost_identical,14
page_numbers,14
eagerly_await,14
pissed_off,14
lined_up,14
ingrown_hairs,14
dell_laptop,14
retail_stores,14
goes_downhill,14
during_wwii,14
in_new_orleans,14
sorely_lacking,14
phone_numbers,14
gold_standard,14
historical_figures,14
technical_aspects,14
previous_releases,14
younger_readers,14
return_postage,14
european_history,14
anyone_seeking,14
knocked_off,14
complete_failure,14
pulitzer_prize,14
john_carpenter,14
secret_service,14
hard_hitting,14
optical_zoom,14
lion_king,14
religious_beliefs,14
their_respective,14
kids_ages,14
lo_mejor,14
foreign_language,14
terry_goodkind,14
paris_hilton,14
million_dollar,14
j_r,14
dark_chocolate,14
al_gore,14
hdmi_cables,14
popular_culture,14
suction_power,14
overshadowed_by,14
fooled_by,14
golden_age,14
expedited_shipping,14
went_downhill,14
kicks_off,14
todos_los,14
questions_asked,14
color_photographs,14
ideas_presented,14
an_abomination,14
gag_gift,14
bottle_opener,14
year_old_niece,14
several_occasions,14
bit_dated,14
red_october,14
teddy_bear,14
christian_faith,14
george_harrison,14
snap_together,14
considering_purchasing,14
high_praise,14
highly_unlikely,14
refreshing_change,14
belt_loop,14
ultimate_edition,14
followed_directions,14
double_check,14
anyone_who_appreciates,14
james_cameron,14
mac_mini,14
gifted_writer,14
history_buff,14
mandy_moore,14
mixed_feelings,14
vocal_talents,14
anne_mccaffrey,14
snow_white,14
nuff_said,14
worth_mentioning,14
super_bowl,14
anything_remotely,14
kelly_clarkson,14
wondered_how,14
step_by_step_instructions,14
film_festival,14
guest_appearances,14
last_decade,14
darth_vader,14
paper_filter,14
coen_brothers,14
douglas_adams,14
public_speaking,14
kurt_cobain,14
refurbished_unit,14
hugh_grant,14
altec_lansing,14
handle_bar,14
million_years,14
coffee_shop,14
apple_tv,14
serial_number,14
happily_ever,14
cd_changer,14
counter_top,14
boils_down,14
sylvia_browne,14
kate_bush,14
eagerly_awaited,14
looking_foward,14
worth_every_cent,14
police_academy,14
davinci_code,14
sandra_bullock,14
within_an_hour,14
maybe_someday,14
adept_at,13
win_xp,13
indie_rock,13
often_overlooked,13
gas_station,13
strongly_urge,13
hit_wonder,13
old_fashion,13
normal_sized,13
michael_caine,13
stand_mixer,13
speaker_system,13
excellent_job,13
austin_powers,13
stuffed_animals,13
paper_jams,13
janet_jackson,13
highlights_include,13
lends_itself,13
straight_ahead,13
practice_test,13
denise_austin,13
five_bucks,13
english_translation,13
garage_door_opener,13
blank_pages,13
battery_operated,13
christmas_presents,13
con_el,13
nobody_knows,13
paper_jam,13
nba_live,13
measuring_cup,13
dance_moves,13
cast_members,13
spare_yourself,13
barely_fits,13
brown_sugar,13
their_mouths,13
snug_fit,13
sun_ra,13
fitted_sheet,13
local_bookstore,13
frying_pan,13
absolutely_hilarious,13
brought_tears,13
el_mejor,13
southern_rock,13
mass_market,13
relatively_short,13
george_washington,13
plasma_tv,13
total_loss,13
memory_sticks,13
our_beloved,13
bossa_nova,13
kurt_angle,13
silicon_valley,13
ear_canal,13
highly_doubt,13
unexpected_twists,13
brought_back_memories,13
form_factor,13
bob_marley,13
be_avoided,13
reputable_company,13
shelling_out,13
potty_training,13
paperback_edition,13
smarter_than,13
common_knowledge,13
remind_us,13
ender_game,13
jamie_lee_curtis,13
please_be_aware,13
seventh_generation,13
fair_share,13
useful_info,13
fast_forwarded,13
tommy_lee_jones,13
slim_volume,13
stocking_stuffer,13
slogging_through,13
charlie_brown,13
total_crap,13
hundred_dollars,13
hauntingly_beautiful,13
da_bomb,13
glosses_over,13
hot_spots,13
drip_coffee,13
southern_california,13
media_center,13
will_ferrell,13
trouble_shooting,13
old_adage,13
lawn_mower,13
limited_amount,13
halloween_costume,13
hello_kitty,13
rainy_days,13
significant_amount,13
robert_plant,13
same_vein,13
doris_day,13
almost_exclusively,13
punk_bands,13
younger_sister,13
haunted_house,13
hotel_room,13
white_stripes,13
cassette_adapter,13
upper_body,13
saturday_night,13
answer_key,13
curious_george,13
hillary_clinton,13
practice_questions,13
ace_hardware,13
nursing_home,13
dust_jacket,13
rosetta_stone,13
live_happily,13
kick_ass,13
water_heater,13
rage_against,13
green_lantern,13
uno_de,13
miter_saw,13
take_responsibility,13
school_teacher,13
que_el,13
henry_fonda,13
earlier_reviewer,13
tony_hawk,13
human_behavior,13
initial_release,13
mute_button,13
slow_pace,13
driving_force,13
non_existent,13
high_def,13
many_typos,13
dire_straits,13
weaker_than,13
thier_own,13
whatever_else,13
almost_fell_asleep,13
raw_power,13
rush_limbaugh,13
shopping_cart,13
happened_upon,13
friday_night,13
upright_position,13
ghost_stories,13
somehow_managed,13
visual_basic,13
upon_receiving,13
changing_pad,13
above_mentioned,13
nitty_gritty,13
willie_nelson,13
extra_dollars,13
interplay_between,13
noise_cancellation,13
without_reservation,13
mint_condition,13
jethro_tull,13
les_paul,13
este_disco,13
sleeping_beauty,13
latest_firmware,13
sunday_morning,13
firmware_update,13
spelling_mistakes,13
linda_ronstadt,13
strung_together,13
medical_students,13
childhood_memories,13
plastic_housing,13
dragon_ball,13
please_email,13
solid_foundation,13
latin_america,13
field_guides,13
installation_process,13
blow_dryer,13
an_apology,13
american_culture,13
if_you_gon_na,13
gulf_war,13
seat_belt,13
chili_peppers,13
bar_none,13
gay_men,13
colin_firth,13
detailed_description,13
super_hero,13
looney_tunes,13
doctor_office,13
scientific_evidence,13
standout_tracks,13
medical_school,13
murder_mysteries,13
limited_number,13
your_gon_na,13
stay_alive,13
tea_kettle,13
waffle_maker,13
garth_brooks,13
region_code,13
older_sister,13
guns_n_roses,13
biggest_issue,13
chris_rock,13
can_attest,13
abridged_version,13
horror_flick,13
oxo_products,13
pure_crap,13
six_months_ago,13
brewed_coffee,13
me_wan_na,13
luke_warm,13
dumbed_down,13
billie_holiday,13
lay_flat,13
talented_musicians,12
car_chases,12
family_values,12
left_wing,12
brittle_plastic,12
helpful_tips,12
avid_reader,12
jessica_simpson,12
ray_charles,12
lead_vocals,12
halfway_decent,12
casual_fans,12
reasonable_amount,12
mildly_amusing,12
thirty_minutes,12
christian_bale,12
only_gripe,12
toby_keith,12
stevie_wonder,12
supply_store,12
elm_street,12
life_saver,12
arrived_damaged,12
returning_mine,12
thoroughly_entertaining,12
mona_lisa,12
ms_office,12
avant_garde,12
philip_dick,12
motley_crue,12
detailed_account,12
near_impossible,12
usb_device,12
sexual_tension,12
special_forces,12
christmas_eve,12
conspiracy_theories,12
state_university,12
drum_machine,12
mars_volta,12
seriously_doubt,12
deeply_moving,12
drill_press,12
shutting_down,12
ground_breaking,12
personal_trainer,12
bonus_feature,12
ive_heard,12
lay_person,12
easily_accessible,12
disney_world,12
dial_tone,12
sold_separately,12
college_professor,12
ice_cubes,12
christina_aguilera,12
beverly_hills,12
tear_jerker,12
robert_downey,12
lots_of_different,12
previously_owned,12
stopped_heating,12
ticked_off,12
led_lights,12
per_serving,12
fifty_pages,12
destiny_child,12
deal_breaker,12
quickly_realized,12
description_states,12
children_ages,12
reflect_upon,12
red_dragon,12
spoiler_alert,12
component_cables,12
stepping_stone,12
three_dimensional,12
serial_killers,12
concert_footage,12
thread_count,12
fade_away,12
coffee_tastes,12
from_home_depot,12
modest_mouse,12
detract_from,12
suspend_disbelief,12
our_bodies,12
hooking_up,12
ended_up_giving,12
bonus_disc,12
sweet_potato,12
repeated_listenings,12
sexual_abuse,12
coffee_drinker,12
sign_language,12
hundred_times,12
hidden_gem,12
anybody_else,12
cross_country,12
southern_gospel,12
upper_class,12
quentin_tarantino,12
horror_flicks,12
am_very_dissatisfied,12
veggie_tales,12
paint_dry,12
travel_mug,12
jim_morrison,12
ghost_writer,12
pitch_black,12
online_shopping,12
kitchen_counter,12
ice_cream_maker,12
code_samples,12
prompt_delivery,12
political_science,12
settle_down,12
cartoon_network,12
belief_system,12
fourth_season,12
base_station,12
peter_pan,12
stay_closed,12
upper_lip,12
very_thought_provoking,12
partial_refund,12
es_la,12
sd_cards,12
ipod_mini,12
british_comedy,12
george_clooney,12
instructional_video,12
british_humor,12
fresh_perspective,12
finds_herself,12
bias_against,12
political_agenda,12
la_crosse,12
should_be_recalled,12
bpa_free,12
customer_satisfaction,12
educational_value,12
corn_syrup,12
object_oriented,12
hp_laptop,12
publishing_company,12
ny_times,12
closed_captioning,12
pathetic_attempt,12
hidden_track,12
positive_comments,12
wee_bit,12
nutritional_information,12
step_further,12
sixth_sense,12
thomas_jefferson,12
may_vary,12
tried_contacting,12
redeeming_value,12
red_wine,12
pierce_brosnan,12
exact_opposite,12
thoroughly_researched,12
valentines_day,12
happy_endings,12
low_impact,12
nazi_germany,12
kitchen_table,12
buzzing_noise,12
utter_garbage,12
garmin_nuvi,12
western_civilization,12
older_model,12
donald_duck,12
lessons_learned,12
sarah_mclachlan,12
baby_bjorn,12
record_labels,12
clearly_marked,12
figuring_out_how,12
spring_loaded,12
romp_through,12
summer_camp,12
carpal_tunnel,12
van_helsing,12
poorly_researched,12
que_se,12
tina_turner,12
political_views,12
lasts_forever,12
car_chase,12
noise_reduction,12
stuffed_animal,12
intended_audience,12
third_installment,12
mad_mad,12
dark_tower,12
been_wanting,12
french_fries,12
terry_brooks,12
meg_ryan,12
hugh_jackman,12
pocket_pc,12
steven_spielberg,12
corporate_america,12
noah_ark,12
wal_mart,12
home_theatre,12
ottoman_empire,12
pun_intended,12
lots_of_pictures,12
john_williams,12
trash_bags,12
harvest_moon,12
wait_til,12
two_towers,12
swept_away,12
shelled_out,12
wireless_card,12
neck_pain,12
far_exceeds,12
dinner_table,12
polar_bear,11
beautifully_crafted,11
grilled_cheese,11
judith_mcnaught,11
common_denominator,11
packing_slip,11
kansas_city,11
software_engineering,11
mashed_potatoes,11
filtered_water,11
advise_anyone,11
founding_fathers,11
dining_room,11
sleeping_pill,11
being_chased,11
shy_away,11
strings_attached,11
everybody_knows,11
heart_wrenching,11
eats_batteries,11
nicer_than,11
person_shooter,11
originally_intended,11
talking_heads,11
baby_boomers,11
con_la,11
rough_edges,11
john_kerry,11
spray_paint,11
rick_warren,11
apartment_building,11
solo_career,11
sliced_bread,11
bill_gates,11
center_stage,11
quality_assurance,11
boy_advance,11
lethal_weapon,11
p_p,11
hillary_duff,11
general_overview,11
local_retailer,11
switches_between,11
dean_martin,11
direct_sunlight,11
mission_impossible,11
god_forbid,11
missed_opportunity,11
kid_friendly,11
taking_advantage,11
vitamin_c,11
julia_child,11
elizabeth_george,11
been_discontinued,11
three_stooges,11
mystery_science_theater,11
wireless_headphones,11
cleverly_written,11
instruction_booklet,11
main_compartment,11
rechargable_batteries,11
kevin_spacey,11
tom_selleck,11
incomplete_sentences,11
kevin_costner,11
billy_bob,11
beautifully_filmed,11
foreign_films,11
chemical_brothers,11
power_surge,11
peter_gabriel,11
flip_flops,11
wiper_blade,11
exclamation_points,11
fourth_grade,11
universal_remote,11
eating_disorder,11
painfully_obvious,11
ya_que,11
johanna_lindsey,11
trent_reznor,11
little_tikes,11
tennis_balls,11
repeats_itself,11
john_carter,11
liam_neeson,11
linksys_router,11
virtual_reality,11
bill_clinton,11
cordless_drill,11
puff_daddy,11
graphic_violence,11
radar_detector,11
billy_joel,11
ego_trip,11
self_centered,11
jim_henson,11
failure_rate,11
eddie_bauer,11
lens_cap,11
massive_attack,11
air_conditioner,11
called_customer,11
shaving_cream,11
garage_door,11
ended_up_paying,11
charlton_heston,11
intellectually_stimulating,11
personal_growth,11
abraham_lincoln,11
chicago_cutlery,11
balanced_view,11
battlefield_earth,11
paring_knife,11
air_bubbles,11
string_theory,11
quantum_physics,11
space_heater,11
thinner_than,11
ho_hum,11
upon_receipt,11
bill_bryson,11
bette_midler,11
turned_upside,11
bath_tub,11
boarding_school,11
south_pacific,11
hair_dryers,11
salad_dressing,11
mac_users,11
wraps_around,11
hearing_loss,11
elvis_presley,11
long_haired,11
pepper_mill,11
teeny_bopper,11
deeper_meaning,11
breast_pump,11
fogged_up,11
newer_models,11
denzel_washington,11
reviews_posted,11
collectors_edition,11
splinter_cell,11
wireless_access,11
high_fidelity,11
spray_bottle,11
burr_grinder,11
franz_ferdinand,11
non_fiction,11
electric_shaver,11
luther_vandross,11
buddy_holly,11
greek_mythology,11
natalie_portman,11
poorest_quality,11
michael_myers,11
crouching_tiger,11
alkaline_batteries,11
forgotten_realms,11
opening_sequence,11
discovery_channel,11
suddenly_stopped,11
tamora_pierce,11
piss_poor,11
reese_witherspoon,11
blade_runner,11
martial_artist,11
wee_hours,11
waffle_iron,11
retractable_cord,11
inner_city,11
domestic_violence,11
dark_knight_rises,11
visual_studio,11
citizen_kane,11
alec_baldwin,11
particle_board,11
led_zep,11
previous_efforts,11
wine_opener,11
mom_dad,11
san_antonio,11
twenty_dollars,11
academy_awards,11
criminal_justice,11
absolute_garbage,11
kept_repeating,11
gossip_girl,11
uncut_version,11
dennis_hopper,11
personal_opinions,11
jerry_lee,11
spiritual_growth,11
que_es,10
cup_holders,10
ten_year,10
mario_kart,10
useful_tool,10
health_food,10
important_aspects,10
tension_between,10
plain_boring,10
x_inches,10
hot_hot,10
wine_glasses,10
bother_buying,10
honest_opinion,10
yeah_yeah,10
sharp_edge,10
